[
    {
        "name": "Chip",
        "breed": "Akita",
        "size": "Medium",
        "gender": "Female",
        "price": 50,
        "image": "images/akita.png"
    },
    {
        "name": "Roger",
        "breed": "Dachshund",
        "size": "Small",
        "gender": "Male",
        "price": 45,
        "image": "images/dachshund.png"
    },
    {
        "name": "Betty",
        "breed": "Pomeranian",
        "size": "Small",
        "gender": "Female",
        "price": 30,
        "image": "images/pomeranian.png"
    },
    {
        "name": "Mochi",
        "breed": "German Shepard",
        "size": "Large",
        "gender": "Female",
        "price": 75,
        "image": "images/german shepard.png"
    },
    {
        "name": "George",
        "breed": "Corgi",
        "size": "Medium",
        "gender": "Male",
        "price": 25,
        "image": "images/corgi.png"
    },
    {
        "name": "Penelope",
        "breed": "Husky",
        "size": "Large",
        "gender": "Female",
        "price": 70,
        "image": "images/husky.png"
    },
    {
        "name": "Jack",
        "breed": "Golden Retriever",
        "size": "Large",
        "gender": "Male",
        "price": 60,
        "image": "images/golden retriever.png"
    },
    {
        "name": "Teddy",
        "breed": "Yorkie",
        "size": "Small",
        "gender": "Male",
        "price": 20,
        "image": "images/yorkie.png"
    },
    {
        "name": "Rocky",
        "breed": "Bulldog",
        "size": "Medium",
        "gender": "Female",
        "price": 80,
        "image": "images/bulldog.png"
    },
    {
        "name": "Lucy",
        "breed": "Samoyed",
        "size": "Medium",
        "gender": "Female",
        "price": 65,
        "image": "images/samoyed.png"
    },
    {
        "name": "Paw-paw",
        "breed": "Chow Chow",
        "size": "Large",
        "gender": "Male",
        "price": 100,
        "image": "images/chow chow.png"
    },
    {
        "name": "Jules",
        "breed": "Pug",
        "size": "Medium",
        "gender": "Male",
        "price": 15,
        "image": "images/pug.png"
    }

]
